{
  "metadata": {
    "generated_at": "2026-03-30T02:35:31.930246",
    "tasks_analyzed": 6,
    "tasks_excluded": [],
    "selectors": 10,
    "categories_computed": false,
    "hyperparameters": {
      "alpha": 0.5,
      "beta": 0.3,
      "gamma": 0.2,
      "min_spread": 0.005,
      "task_weight_mode": "sqrt",
      "min_coverage": 0.6,
      "min_tasks": 10,
      "coverage_penalty": 0.0,
      "bootstrap_samples": 5000,
      "seed": 42
    }
  },
  "rankings": [
    {
      "rank": 1,
      "selector": "con64@",
      "micro_accuracy": 0.7249208653400271,
      "RNS_w": 0.9259259259259259,
      "regret_w": 0.005000000000000008,
      "regret_p90": 0.015000000000000024,
      "copeland_norm": 0.8518518518518517,
      "top_share": 0.75,
      "coverage": 1.0,
      "tasks_count": 6,
      "evidence_w": 60.0,
      "tier": "PROVISIONAL",
      "Score": 0.9318333333333334,
      "Score_ci_lower": 0.8121666666666668,
      "Score_ci_upper": 1.0
    },
    {
      "rank": 2,
      "selector": "consensus-max",
      "micro_accuracy": 0.6648198552390169,
      "RNS_w": 0.6296296296296298,
      "regret_w": 0.08885708824244958,
      "regret_p90": 0.16816546762589935,
      "copeland_norm": 0.25925925925925924,
      "top_share": 0.0,
      "coverage": 1.0,
      "tasks_count": 6,
      "evidence_w": 60.0,
      "tier": "PROVISIONAL",
      "Score": 0.6400095401939319,
      "Score_ci_lower": 0.5331834532374101,
      "Score_ci_upper": 0.7439928109686164
    },
    {
      "rank": 3,
      "selector": "medoid",
      "micro_accuracy": 0.6702191576443074,
      "RNS_w": 0.5833333333333334,
      "regret_w": 0.0799044242866577,
      "regret_p90": 0.11847826086956534,
      "copeland_norm": 0.16666666666666666,
      "top_share": 0.0,
      "coverage": 1.0,
      "tasks_count": 6,
      "evidence_w": 60.0,
      "tier": "PROVISIONAL",
      "Score": 0.6010286727140027,
      "Score_ci_lower": 0.4539996872067563,
      "Score_ci_upper": 0.7347529976019184
    },
    {
      "rank": 4,
      "selector": "knn-medoid",
      "micro_accuracy": 0.6651686525938023,
      "RNS_w": 0.5555555555555555,
      "regret_w": 0.08929673652382444,
      "regret_p90": 0.18615107913669066,
      "copeland_norm": 0.11111111111111113,
      "top_share": 0.08333333333333333,
      "coverage": 1.0,
      "tasks_count": 6,
      "evidence_w": 60.0,
      "tier": "PROVISIONAL",
      "Score": 0.5732109790428527,
      "Score_ci_lower": 0.41726978417266186,
      "Score_ci_upper": 0.7564226657804178
    },
    {
      "rank": 5,
      "selector": "min-activation",
      "micro_accuracy": 0.6643269017520514,
      "RNS_w": 0.5555555555555556,
      "regret_w": 0.09077355506898832,
      "regret_p90": 0.18974820143884896,
      "copeland_norm": 0.1111111111111111,
      "top_share": 0.0,
      "coverage": 1.0,
      "tasks_count": 6,
      "evidence_w": 60.0,
      "tier": "PROVISIONAL",
      "Score": 0.5727679334793035,
      "Score_ci_lower": 0.42071702637889685,
      "Score_ci_upper": 0.7187355072463768
    },
    {
      "rank": 6,
      "selector": "dbscan-medoid",
      "micro_accuracy": 0.6616332990584488,
      "RNS_w": 0.5185185185185186,
      "regret_w": 0.08991841309561054,
      "regret_p90": 0.13750000000000012,
      "copeland_norm": 0.03703703703703704,
      "top_share": 0.0,
      "coverage": 1.0,
      "tasks_count": 6,
      "evidence_w": 60.0,
      "tier": "PROVISIONAL",
      "Score": 0.5396911427379835,
      "Score_ci_lower": 0.3875688405797102,
      "Score_ci_upper": 0.7155174916588461
    },
    {
      "rank": 7,
      "selector": "consensus-min",
      "micro_accuracy": 0.6675376519687898,
      "RNS_w": 0.48148148148148145,
      "regret_w": 0.08369139471031876,
      "regret_p90": 0.12176258992805766,
      "copeland_norm": -0.03703703703703704,
      "top_share": 0.0,
      "coverage": 1.0,
      "tasks_count": 6,
      "evidence_w": 60.0,
      "tier": "PROVISIONAL",
      "Score": 0.5082259149202377,
      "Score_ci_lower": 0.31831884057971005,
      "Score_ci_upper": 0.6721570743405275
    },
    {
      "rank": 8,
      "selector": "deepconf",
      "micro_accuracy": 0.6154811588943325,
      "RNS_w": 0.29629629629629634,
      "regret_w": 0.15227452820352422,
      "regret_p90": 0.27500000000000013,
      "copeland_norm": -0.4074074074074074,
      "top_share": 0.0,
      "coverage": 1.0,
      "tasks_count": 6,
      "evidence_w": 60.0,
      "tier": "PROVISIONAL",
      "Score": 0.3209843082056094,
      "Score_ci_lower": 0.14966666666666667,
      "Score_ci_upper": 0.5281654676258992
    },
    {
      "rank": 9,
      "selector": "avg64@",
      "micro_accuracy": 0.6257116776547914,
      "RNS_w": 0.2777777777777778,
      "regret_w": 0.13917019601709937,
      "regret_p90": 0.20727173913043478,
      "copeland_norm": -0.4444444444444444,
      "top_share": 0.0,
      "coverage": 1.0,
      "tasks_count": 6,
      "evidence_w": 60.0,
      "tier": "PROVISIONAL",
      "Score": 0.3082489411948702,
      "Score_ci_lower": 0.1682478380773642,
      "Score_ci_upper": 0.5436527817745803
    },
    {
      "rank": 10,
      "selector": "max-activation",
      "micro_accuracy": 0.559059658460856,
      "RNS_w": 0.17592592592592593,
      "regret_w": 0.2235282209015397,
      "regret_p90": 0.29583333333333345,
      "copeland_norm": -0.6481481481481481,
      "top_share": 0.16666666666666666,
      "coverage": 1.0,
      "tasks_count": 6,
      "evidence_w": 60.0,
      "tier": "PROVISIONAL",
      "Score": 0.19127486706287142,
      "Score_ci_lower": 0.019731388802001842,
      "Score_ci_upper": 0.5162898550724637
    }
  ],
  "task_details": null,
  "pairwise_differences": [
    {
      "comparison": "avg64@ - con64@",
      "mean_diff": -0.6252739855365447,
      "diff_ci_lower": -0.8317521619226358,
      "diff_ci_upper": -0.2693977697841726,
      "prob_greater": 0.0008,
      "abs_diff": 0.6252739855365447
    },
    {
      "comparison": "avg64@ - consensus-max",
      "mean_diff": -0.33360642045469713,
      "diff_ci_lower": -0.5494804540715255,
      "diff_ci_upper": -0.06671326086956508,
      "prob_greater": 0.0068,
      "abs_diff": 0.33360642045469713
    },
    {
      "comparison": "avg64@ - consensus-min",
      "mean_diff": -0.20115925585246583,
      "diff_ci_lower": -0.45929429256594717,
      "diff_ci_upper": 0.21398641486810555,
      "prob_greater": 0.1666,
      "abs_diff": 0.20115925585246583
    },
    {
      "comparison": "avg64@ - dbscan-medoid",
      "mean_diff": -0.2332630136462308,
      "diff_ci_lower": -0.5174234225836722,
      "diff_ci_upper": 0.09556946512355341,
      "prob_greater": 0.0832,
      "abs_diff": 0.2332630136462308
    },
    {
      "comparison": "avg64@ - deepconf",
      "mean_diff": -0.013815746499947835,
      "diff_ci_lower": -0.14477406266291304,
      "diff_ci_upper": 0.10156166666666666,
      "prob_greater": 0.4226,
      "abs_diff": 0.013815746499947835
    },
    {
      "comparison": "avg64@ - knn-medoid",
      "mean_diff": -0.26634812932759877,
      "diff_ci_lower": -0.5431619653842144,
      "diff_ci_upper": 0.08636840579710137,
      "prob_greater": 0.0606,
      "abs_diff": 0.26634812932759877
    },
    {
      "comparison": "avg64@ - max-activation",
      "mean_diff": 0.11712572126149519,
      "diff_ci_lower": 0.018386304347826177,
      "diff_ci_upper": 0.1915762594619952,
      "prob_greater": 0.9926,
      "abs_diff": 0.11712572126149519
    },
    {
      "comparison": "avg64@ - medoid",
      "mean_diff": -0.29426339230330517,
      "diff_ci_lower": -0.5505733333333331,
      "diff_ci_upper": 0.08481297101449281,
      "prob_greater": 0.0534,
      "abs_diff": 0.29426339230330517
    },
    {
      "comparison": "avg64@ - min-activation",
      "mean_diff": -0.2659512777688458,
      "diff_ci_lower": -0.5331447826086957,
      "diff_ci_upper": 0.10462600771556674,
      "prob_greater": 0.0664,